target_word_class,count,percent
noun,434,81.12149532710279
verb,62,11.588785046728972
adjective,39,7.289719626168225
