abs_correlation_threshold,n_pairs,pct_pairs
0.5,199,0.09567307692307692
0.7,53,0.02548076923076923
0.8,22,0.010576923076923078
0.9,2,0.0009615384615384616
0.95,0,0.0
