fold,macro_f1
1,0.9839395370807748
2,0.9832098765432099
3,0.9822222222222222
4,0.9465811965811967
5,0.9821004566210045
