,Cluster_01,Cluster_02,Cluster_03
Cluster_01,0.9523809523809523,0.047619047619047616,0.0
Cluster_02,0.0,0.9705882352941176,0.029411764705882353
Cluster_03,0.0,0.0,1.0
