,precision,recall,f1-score,support
Cluster_01,1.0,0.9047619047619048,0.95,21.0
Cluster_02,0.9705882352941176,0.9705882352941176,0.9705882352941176,34.0
Cluster_03,0.9629629629629629,1.0,0.9811320754716981,52.0
accuracy,0.9719626168224299,0.9719626168224299,0.9719626168224299,0.9719626168224299
macro avg,0.9778503994190269,0.9584500466853408,0.9672401035886052,107.0
weighted avg,0.9726548978885428,0.9719626168224299,0.9716716628460589,107.0
