,precision,recall,f1-score,support
Cluster_01,1.0,0.9523809523809523,0.975609756097561,21.0
Cluster_02,0.9705882352941176,0.9705882352941176,0.9705882352941176,34.0
Cluster_03,0.9811320754716981,1.0,0.9904761904761905,52.0
accuracy,0.9813084112149533,0.9813084112149533,0.9813084112149533,0.9813084112149533
macro avg,0.9839067702552718,0.9743230625583567,0.9788913939559564,107.0
weighted avg,0.9814847469582085,0.9813084112149533,0.9812389418954269,107.0
