,anova_rank,mi_rank,univariate_logistic_rank,combined_rank
anova_rank,1.0,0.5086001560254968,0.9788024475524476,0.8578671328671329
mi_rank,0.5086001560254968,1.0,0.5247951074936285,0.8239099601155592
univariate_logistic_rank,0.9788024475524476,0.5247951074936285,1.0,0.8515734265734266
combined_rank,0.8578671328671329,0.8239099601155592,0.8515734265734266,1.0
