model,split,accuracy,balanced_accuracy,macro_precision,macro_recall,macro_f1,weighted_precision,weighted_recall,weighted_f1,best_cv_macro_f1,best_params
Random Forest,test,0.9813084112149533,0.9166666666666666,0.9925093632958801,0.9166666666666666,0.9485930735930737,0.981728446917988,0.9813084112149533,0.9800794999393131,0.86790260372235,"{""max_depth"": null, ""min_samples_split"": 2, ""n_estimators"": 100}"
SVM linear,test,0.9719626168224299,0.9885057471264368,0.9090909090909092,0.9885057471264368,0.9415204678362573,0.979609175870858,0.9719626168224299,0.9739301524840138,0.8899120888271872,"{""C"": 1.0}"
SVM RBF,test,0.9719626168224299,0.9267241379310344,0.9507575757575758,0.9267241379310344,0.9381262939958592,0.9721750212404419,0.9719626168224299,0.971839554188193,0.9149802197905519,"{""C"": 1.0, ""gamma"": 0.01}"
k-NN,test,0.9532710280373832,0.8194444444444445,0.9818840579710145,0.8194444444444445,0.8834629058092746,0.9558106460788297,0.9532710280373832,0.9498389669642215,0.8439600365093338,"{""metric"": ""euclidean"", ""n_neighbors"": 3, ""weights"": ""uniform""}"
Post-selection Logistic,test,0.9439252336448598,0.9152298850574713,0.8470418470418469,0.9152298850574713,0.8747563352826511,0.9537868673382693,0.9439252336448598,0.9472044597474996,0.9040330300122297,"{""C"": 1.0}"
Dummy majority,test,0.8130841121495327,0.3333333333333333,0.27102803738317754,0.3333333333333333,0.29896907216494845,0.6611057734299939,0.8130841121495327,0.72926100780422,,{}
