,Thing,Action,Property
Thing,0.9885057471264368,0.0,0.011494252873563218
Action,0.0,0.9166666666666666,0.08333333333333333
Property,0.125,0.0,0.875
