split,max_abs_feature_mean,mean_abs_feature_mean,min_feature_std,max_feature_std,mean_feature_std,n_zero_variance_features
train,1.9921758946544865e-16,6.646971494664488e-17,0.9999999999999998,1.0000000000000002,1.0,0
test,0.2580016247717021,0.09117354020759533,0.6686698935871362,1.2144217287540608,1.0242501534330428,0
