model,train_accuracy,train_balanced_accuracy,train_macro_f1,train_weighted_f1,test_accuracy,test_balanced_accuracy,test_macro_f1,test_weighted_f1,cv_macro_f1_mean,cv_macro_f1_sd
dummy_majority,0.8107476635514018,0.3333333333333333,0.298494623655914,0.7260114561350618,0.8130841121495327,0.3333333333333333,0.29896907216494845,0.72926100780422,,
ridge_logistic_all_2210,1.0,1.0,1.0,1.0,0.9719626168224299,0.9645593869731801,0.928999698437195,0.973864252970576,,
