,precision,recall,f1-score,support
Thing,0.8130841121495327,1.0,0.8969072164948454,87.0
Action,0.0,0.0,0.0,12.0
Property,0.0,0.0,0.0,8.0
accuracy,0.8130841121495327,0.8130841121495327,0.8130841121495327,0.8130841121495327
macro avg,0.27102803738317754,0.3333333333333333,0.29896907216494845,107.0
weighted avg,0.6611057734299939,0.8130841121495327,0.72926100780422,107.0
