,precision,recall,f1-score,support
Thing,1.0,0.9770114942528736,0.9883720930232558,87.0
Action,1.0,0.9166666666666666,0.9565217391304348,12.0
Property,0.7272727272727273,1.0,0.8421052631578947,8.0
accuracy,0.9719626168224299,0.9719626168224299,0.9719626168224299,0.9719626168224299
macro avg,0.9090909090909092,0.9645593869731801,0.928999698437195,107.0
weighted avg,0.979609175870858,0.9719626168224299,0.973864252970576,107.0
