label_raw,label_display,precision,recall,f1-score,support
adjective,Property,0.7777777777777778,0.875,0.8235294117647058,8.0
noun,Thing,0.9885057471264368,0.9885057471264368,0.9885057471264368,87.0
verb,Action,1.0,0.9166666666666666,0.9565217391304348,12.0
macro avg,macro avg,0.9220945083014049,0.9267241379310344,0.9228522993405258,107.0
weighted avg,weighted avg,0.9740394600207685,0.9719626168224299,0.9725840762961016,107.0
