,Thing,Action,Property
Thing,0.9655172413793104,0.011494252873563218,0.022988505747126436
Action,0.0,0.9166666666666666,0.08333333333333333
Property,0.125,0.0,0.875
