split,accuracy,balanced_accuracy,macro_precision,macro_recall,macro_f1,weighted_precision,weighted_recall,weighted_f1
train,1.0,1.0,1.0,1.0,1.0,1.0,1.0,1.0
test,0.9532710280373832,0.9190613026819924,0.8683006535947712,0.9190613026819924,0.8903962101636519,0.9586586036283673,0.9532710280373832,0.9551305271800816
