fold,accuracy,balanced_accuracy,macro_f1,weighted_f1
1,0.9302325581395349,0.7998619737750173,0.8190476190476191,0.9249169435215947
2,0.9418604651162791,0.8682539682539683,0.8742195550706189,0.9421163255898534
3,0.9534883720930233,0.8507936507936508,0.8906103286384978,0.9514903373730756
4,0.9529411764705882,0.9806763285024154,0.9075100687040987,0.9560483297796729
5,0.9411764705882353,0.7729468599033816,0.8056399864910503,0.9303176589784848
